,Rating,Review Words
0,1,i'm
1,1,going
2,1,start
3,1,positives
4,1,store
5,1,employees
6,1,nice
7,1,helpful
8,1,i've
9,1,visited
10,1,good
11,1,store
12,1,pet
13,1,care
14,1,accessories
15,1,materials
16,1,come
17,1,negatives
18,1,recently
19,1,aquariums
20,1,issues
21,1,100
22,1,aquatics
23,1,department
24,1,time
25,1,bought
26,1,fish
27,1,store
28,1,sick
29,1,bought
30,1,betta
31,1,10
32,1,gallon
33,1,day
34,1,noticeably
35,1,covered
36,1,ich
37,1,treated
38,1,assumed
39,1,gotten
40,1,bad
41,1,luck
42,1,new
43,1,tank
44,1,decided
45,1,purchase
46,1,guppies
47,1,8
48,1,beautiful
49,1,fish
50,1,3
51,1,died
52,1,days
53,1,rest
54,1,sick
55,1,different
56,1,ailments
57,1,internal
58,1,parasite
59,1,nearly
60,1,ich
61,1,awful
62,1,fungal
63,1,infection
64,1,contagious
65,1,don't
66,1,doubt
67,1,fish
68,1,going
69,1,horribly
70,1,sick
71,1,weeks
72,1,going
73,1,die
74,1,bought
75,1,fish
76,1,days
77,1,ago
78,1,water
79,1,tested
80,1,store
81,1,told
82,1,wasn't
83,1,water
84,1,clear
85,1,issue
86,1,aquatics
87,1,tanks
88,1,cared
89,1,improperly
90,1,time
91,1,come
92,1,fail
93,1,tons
94,1,dead
95,1,fish
96,1,sitting
97,1,tanks
98,1,disappointed
99,1,implore
100,1,buy
101,1,animals
102,1,petco
103,1,it's
104,1,bad
105,1,aquatics
106,1,i'm
107,1,afraid
108,1,birds
109,1,rodents
110,1,reptiles
111,1,treated
112,1,buy
113,1,living
114,1,animal
115,1,location
116,1,allen's
117,1,pet
118,1,center
119,1,better
120,1,location
121,1,healthier
122,1,beautiful
123,1,fish
124,1,regret
125,1,going
126,1,better
127,1,good
128,1,seemingly
129,1,caring
130,1,staff
131,1,wish
132,1,animals
133,1,given
134,1,proper
135,1,care
136,5,got
137,5,new
138,5,puppy
139,5,oh
140,5,wait
141,5,need
142,5,million
143,5,things
144,5,petco
145,5,tons
146,5,questions
147,5,sales
148,5,associate
149,5,andy
150,5,knowledgeable
151,5,friendly
152,5,changed
153,5,mind
154,5,times
155,5,asked
156,5,million
157,5,questions
158,5,patient
159,5,helpful
160,5,entire
161,5,time
162,5,best
163,5,experiences
164,5,store
165,5,thank
166,5,andy
167,1,half
168,1,reptiles
169,1,sale
170,1,extremely
171,1,bad
172,1,shape
173,1,malnourished
174,1,dehydrated
175,1,housed
176,1,inadequately
177,1,allowed
178,1,sell
179,1,animals
180,1,incapable
181,1,caring
182,1,picture
183,1,large
184,1,lizard
185,1,eating
186,1,food
187,1,starving
188,1,s
189,1,smaller
190,1,tank
191,1,mates
192,1,irresponsible
193,1,animal
194,1,husbandry
195,1,shameful
196,1,bought
197,1,cat
198,1,career
199,1,22
200,1,december
201,1,2022
202,1,asked
203,1,2
204,1,members
205,1,work
206,1,help
207,1,decided
208,1,consult
209,1,cash
210,1,register
211,1,professed
212,1,inform
213,1,idea
214,1,accurate
215,1,stated
216,1,didnt
217,1,know
218,1,checked
219,1,purchased
220,1,item
221,1,needed
222,1,unfortunately
223,1,ticket
224,1,flow
225,1,street
226,1,going
227,1,chase
228,1,later
229,1,found
230,1,right
231,1,today
232,1,went
233,1,return
234,1,explained
235,1,happen
236,1,manager
237,1,asked
238,1,phone
239,1,number
240,1,phone
241,1,number
242,1,talking
243,1,asked
244,1,wen
245,1,purchase
246,1,gave
247,1,phone
248,1,#
249,1,informed
250,1,asked
251,1,phone
252,1,number
253,1,got
254,1,reimbursed
255,1,item
256,1,complaint
257,1,mass
258,1,managers
259,1,remark
260,1,saying
261,1,remember
262,1,phone
263,1,number
264,1,time
265,1,purchase
266,1,avoid
267,1,mass
268,1,time
269,1,train
270,1,cash
271,1,registers
272,1,ask
273,1,phone
274,1,number
275,1,train
276,1,better
277,1,wen
278,1,customer
279,1,needs
280,1,help
281,1,thank
282,1,false
283,1,advertising
284,1,saw
285,1,9
286,1,clearance
287,1,price
288,1,dog
289,1,bed
290,1,got
291,1,counter
292,1,4999
293,1,manager
294,1,refused
295,1,advertised
296,1,price
297,1,said
298,1,mislabeled
299,1,actual
300,1,items
301,1,stock
302,1,shame
303,1,petco
304,1,new
305,1,owners
306,1,animal
307,1,kingdom
308,1,took
309,1,years
310,1,ago
311,1,tried
312,1,hard
313,1,work
314,1,especially
315,1,live
316,1,block
317,1,store
318,1,unfortunately
319,1,kept
320,1,changing
321,1,brands
322,1,carried
323,1,discontinuing
324,1,brands
325,1,cats
326,1,wanted
327,1,support
328,1,local
329,1,business
330,1,place
331,1,special
332,1,orders
333,1,brands
334,1,cats
335,1,place
336,1,orders
337,1,week
338,1,advance
339,1,knowing
340,1,orders
341,1,fulfilled
342,1,leaving
343,1,scrambling
344,1,procure
345,1,cat
346,1,supplies
347,1,emergency
348,1,fashion
349,1,drop
350,1,expecting
351,1,large
352,1,order
353,1,didn't
354,1,arrive
355,1,time
356,1,early
357,1,december
358,1,couple
359,1,years
360,1,ago
361,1,asked
362,1,owner
363,1,chris
364,1,expect
365,1,said
366,1,dismissively
367,1,place
368,1,order
369,1,mid-january
370,1,6
371,1,weeks
372,1,away
373,1,pointed
374,1,issue
375,1,said
376,1,cats
377,1,wait
378,1,we'd
379,1,switch
380,1,cats
381,1,6
382,1,weeks
383,1,found
384,1,later
385,1,sales
386,1,associate
387,1,chris
388,1,bookkeeper
389,1,wanted
390,1,year-end
391,1,low
392,1,inventory
393,1,tax
394,1,purposes
395,1,-
396,1,hell
397,1,pet
398,1,customers
399,1,upset
400,1,total
401,1,disregard
402,1,pets'
403,1,lives
404,1,wellbeing
405,1,stopped
406,1,shopping
407,1,supplies
408,1,animal
409,1,kingdom
410,1,supplier
411,1,reliable
412,1,plan
413,1,b
414,1,animal
415,1,kingdom
416,1,failed
417,1,-
418,1,keeping
419,1,thing
420,1,kept
421,1,going
422,1,animal
423,1,kingdom
424,1,grooming
425,1,services
426,1,we've
427,1,regularly
428,1,years
429,1,appointment
430,1,cats
431,1,today
432,1,dropped
433,1,morning
434,1,owner's
435,1,husband
436,1,point
437,1,reminding
438,1,negative
439,1,review
440,1,appalling
441,1,december
442,1,experience
443,1,review
444,1,deleted
445,1,later
446,1,concerned
447,1,quality
448,1,grooming
449,1,-
450,1,we'd
451,1,regular
452,1,grooming
453,1,years
454,1,worse
455,1,come
456,1,informed
457,1,groomer
458,1,couple
459,1,hours
460,1,later
461,1,owner
462,1,chris
463,1,instructed
464,1,ahead
465,1,cat's
466,1,grooming
467,1,means
468,1,cats
469,1,left
470,1,small
471,1,carriers
472,1,hours
473,1,reason
474,1,addition
475,1,stress
476,1,ownerstore
477,1,bothered
478,1,let
479,1,know
480,1,contact
481,1,information
482,1,that's
483,1,animal
484,1,abuse
485,1,period
486,1,luckily
487,1,able
488,1,cats
489,1,home
490,1,safely
491,1,groomed
492,1,afternoon
493,1,service
494,1,went
495,1,unnecessary
496,1,ordeal
497,1,animal
498,1,kingdom's
499,1,pettiness
500,1,total
501,1,disregard
502,1,animal
503,1,wellbeing
504,1,appalling
505,1,business
506,1,practice
507,1,customer
508,1,care
509,1,recommended
510,1,care
511,1,pets
512,5,extremely
513,5,happy
514,5,grooming
515,5,services
516,5,dog
517,5,years
518,5,looking
519,5,trying
520,5,different
521,5,shops
522,5,found
523,5,staff
524,5,knowledgeable
525,5,kind
526,5,helpful
527,5,highly
528,5,recommended
529,5,pet
530,5,needs
531,5,pup
532,5,loves
533,5,place
534,5,like
535,5,family
536,5,grateful
537,5,care
538,5,love
539,5,furry
540,5,friend
541,5,nice
542,5,dog
543,5,kind
544,5,handful
545,5,comes
546,5,grooming
547,5,great
548,5,job
549,5,patient
550,5,gentle
551,5,caring
552,5,reasonable
553,5,definitely
554,5,recommend
555,5,ps
556,5,anna
557,5,amazing
558,5,job
559,5,took
560,5,senior
561,5,16
562,5,kitty
563,5,grooming
564,5,session
565,5,legs
566,5,belly
567,5,rear
568,5,end
569,5,getting
570,5,bit
571,5,matted
572,5,stiff
573,5,groom
574,5,picked
575,5,beautiful
576,5,white
577,5,fur
578,5,looked
579,5,better
580,5,annie
581,5,trimmed
582,5,belly
583,5,legs
584,5,rear
585,5,end
586,5,trimmed
587,5,claws
588,5,gave
589,5,bath
590,5,cleaned
591,5,ears
592,5,gave
593,5,adorable
594,5,bandana
595,5,days
596,5,later
597,5,cant
598,5,stop
599,5,saying
600,5,gorgeous
601,5,looks
602,5,extremely
603,5,pleased
604,5,definitely
605,5,cat
606,5,looks
607,5,years
608,5,younger
609,5,looks
610,5,handsome
611,1,live
612,1,door
613,1,concerned
614,1,treatment
615,1,animals
616,1,bark
617,1,entire
618,1,day
619,1,left
620,1,outside
621,1,night
622,1,barking
623,1,4am
624,1,certain
625,1,ordinary
626,1,citizen
627,1,dog
628,1,taken
629,5,karen
630,5,taylor
631,5,scored
632,5,four-
633,5,wheel
634,5,drive
635,5,muscled
636,5,hellion
637,5,rhodesian
638,5,mix
639,5,oak
640,5,tree
641,5,man
642,5,dawg
643,5,trail
644,5,running
645,5,came
646,5,friend
647,5,wanted
648,5,adopt
649,5,specific
650,5,dog
651,5,saw
652,5,online
653,5,shelter
654,5,staff
655,5,extremely
656,5,helpful
657,5,knowledgeable
658,5,staff
659,5,willing
660,5,match
661,5,right
662,5,dog
663,5,right
664,5,forever
665,5,home
666,5,friend
667,5,adopted
668,5,different
669,5,dog
670,5,young
671,5,husky
672,5,mix
673,5,dogs
674,5,saw
675,5,clean
676,5,groomed
677,5,shelter
678,5,super
679,5,clean
680,5,tidy
681,5,weekend
682,5,volunteers
683,5,polite
684,5,professional
685,5,years
686,5,ago
687,5,adopted
688,5,beloved
689,5,albee
690,5,young
691,5,samoyed
692,5,came
693,5,shelter
694,5,they're
695,5,open
696,5,walk
697,5,service
698,5,people
699,5,work
700,5,extremely
701,5,helpful
702,5,considerate
703,5,kind
704,5,-
705,5,easier
706,5,registering
707,5,dog
708,5,online
709,5,brought
710,5,necessary
711,5,paperwork
712,5,copied
713,5,entered
714,5,system
715,5,wrote
716,5,check
717,5,walked
718,5,pup
719,5,properly
720,5,registered
721,5,tagged
722,5,adoptable
723,5,animals
724,5,treat
725,5,tour
726,1,don't
727,1,animal
728,1,think
729,1,care
730,1,said
731,1,absolutely
732,1,help
733,1,animals
734,1,medicine
735,1,vet
736,1,solution
737,1,animals
738,1,come
739,1,don't
740,1,better
741,1,5
742,1,pm
743,1,close
744,1,euthanize
745,1,animals
746,1,that's
747,1,thing
748,1,said
749,1,workers
750,1,place
751,1,don't
752,1,believe
753,1,check
754,1,talk
755,1,took
756,1,squirrel
757,1,sick
758,1,fall
759,1,mistake
760,1,bringing
761,1,took
762,1,told
763,1,guess
764,1,animals
765,1,oh
766,1,way
767,1,person
768,1,charge
769,1,seeing
770,1,animals
771,1,jennifer
772,1,policewoman
773,1,instructions
774,1,care
775,1,animals
776,5,horrified
777,5,dog
778,5,blood
779,5,urine
780,5,saturday
781,5,morning
782,5,took
783,5,afternoon
784,5,took
785,5,needed
786,5,tests
787,5,sent
788,5,home
789,5,needed
790,5,medication
791,5,waiting
792,5,test
793,5,results
794,5,action
795,5,swift
796,5,kind
797,5,dog
798,5,easy
799,5,dog
800,5,handle
801,5,he's
802,5,getting
803,5,poked
804,5,prodded
805,5,took
806,5,burden
807,5,hands
808,5,vet
809,5,techs
810,5,deserve
811,5,medal
812,2,good
813,2,doctors
814,2,visit
815,2,final
816,2,straw
817,2,doctors
818,2,completely
819,2,missed
820,2,double
821,2,ear
822,2,infection
823,2,visit
824,2,come
825,2,got
826,2,charged
827,2,visits
828,2,doctor
829,2,failed
830,2,address
831,2,root
832,2,cause
833,2,dogs
834,2,pain
835,2,visit
836,2,scammy
837,2,friendly
838,2,people
839,2,color
840,2,better
841,2,options
842,5,family
843,5,taking
844,5,pets
845,5,years
846,5,dr
847,5,george
848,5,beloved
849,5,home
850,5,ive
851,5,felt
852,5,pressured
853,5,unnecessary
854,5,treatment
855,5,kind
856,5,thorough
857,5,care
858,5,animals
859,5,received
860,5,consistently
861,5,great
862,2,friendly
863,2,staff
864,2,doctors
865,2,friendly
866,2,super
867,2,expensive
868,2,good
869,2,results
870,2,trying
871,2,find
872,2,treatment
873,2,dog
874,2,incorrect
875,2,diagnosis
876,2,realized
877,2,dog
878,2,cushings
879,2,disease
880,2,medicated
881,2,dog
882,2,causing
883,2,addisonian
884,2,condition
885,2,dog
886,2,monthly
887,2,expensive
888,2,shots
889,2,results
890,2,aren't
891,2,i'm
892,2,specialist
893,2,losing
894,2,confidence
895,2,clinic
896,2,routine
897,2,stuff
898,2,i'd
899,2,look
900,2,spend
901,2,thousands
902,2,dollars
903,2,vet
904,2,help
905,2,dog
906,1,recommend
907,1,highly
908,1,rec
909,1,reading
910,1,yelp
911,1,reviews
912,1,place
913,1,deciding
914,1,recommended
915,1,prescription
916,1,food
917,1,pup's
918,1,vomiting
919,1,reality
920,1,roundworms
921,1,medication
922,1,gave
923,1,roundworms
924,1,information
925,1,passed
926,1,potential
927,1,effects
928,1,resulted
929,1,throwing
930,1,5
931,1,times
932,1,hour
933,1,trip
934,1,er
935,1,pup
936,1,17
937,1,weeks
938,1,old
939,1,lack
940,1,care
941,1,pets
942,1,organization
943,1,information
944,1,provided
945,1,overall
946,1,service
947,1,awful
948,1,pet
949,1,simply
950,1,care
951,1,wellbeing
952,1,details
953,1,experience
954,1,brought
955,1,pup
956,1,new
957,1,client
958,1,appt
959,1,shes
960,1,17
961,1,weeks
962,1,old
963,1,major
964,1,concern
965,1,throwing
966,1,past
967,1,week
968,1,vet
969,1,saw
970,1,dr
971,1,odonnell
972,1,didnt
973,1,concerned
974,1,wrote
975,1,likely
976,1,puppy
977,1,tried
978,1,prescription
979,1,food
980,1,likely
981,1,sensitive
982,1,stomach
983,1,honestly
984,1,appalled
985,1,17
986,1,weeks
987,1,little
988,1,information
989,1,diagnosis
990,1,vomiting
991,1,doctor
992,1,try
993,1,force
994,1,prescription
995,1,food
996,1,requested
997,1,fecal
998,1,examination
999,1,worried
1000,1,parasites
1001,1,giardia
1002,1,dr
1003,1,odonnell
1004,1,didnt
1005,1,think
1006,1,come
1007,1,turns
1008,1,roundworms
1009,1,necessarily
1010,1,sensitive
1011,1,stomach
1012,1,needs
1013,1,prescription
1014,1,food
1015,1,surprise
1016,1,surprise
1017,1,different
1018,1,vet
1019,1,dr
1020,1,hillebrand
1021,1,called
1022,1,roundworm
1023,1,diagnosis
1024,1,provided
1025,1,little
1026,1,information
1027,1,roundworms
1028,1,pick
1029,1,medication
1030,1,level
1031,1,infestation
1032,1,contagious
1033,1,socialize
1034,1,long
1035,1,term
1036,1,impacts
1037,1,potential
1038,1,effects
1039,1,prescribed
1040,1,medication
1041,1,questions
1042,1,research
1043,1,better
1044,1,understand
1045,1,communicated
1046,1,simple
1047,1,diagnosis
1048,1,gave
1049,1,pup
1050,1,medication
1051,1,roundworms
1052,1,short
1053,1,3
1054,1,hours
1055,1,later
1056,1,vomited
1057,1,5
1058,1,times
1059,1,span
1060,1,1
1061,1,hour
1062,1,pretty
1063,1,4
1064,1,days
1065,1,vomiting
1066,1,previously
1067,1,took
1068,1,emergency
1069,1,vet
1070,1,worried
1071,1,vomiting
1072,1,going
1073,1,information
1074,1,passed
1075,1,medication
1076,1,recommended
1077,1,adverse
1078,1,effects
1079,1,vomiting
1080,1,took
1081,1,3
1082,1,days
1083,1,acquire
1084,1,lab
1085,1,work
1086,1,information
1087,1,diagnosed
1088,1,personally
1089,1,come
1090,1,obtain
1091,1,getting
1092,1,fed
1093,1,having
1094,1,wait
1095,1,long
1096,1,reception
1097,1,short
1098,1,asking
1099,1,documentation
1100,1,staff
1101,1,extremely
1102,1,reluctant
1103,1,accommodate
1104,1,mistakes
1105,5,santa
1106,5,monica
1107,5,pier
1108,5,cool
1109,5,hell
1110,5,weather
1111,5,nice
1112,5,makes
1113,5,smaller
1114,5,lines
1115,5,breathtaking
1116,5,views
1117,5,personnel
1118,5,location
1119,5,wonderful
1120,5,work
1121,5,offered
1122,5,guidance
1123,5,properly
1124,5,care
1125,5,animal
1126,5,i'll
1127,5,return
1128,5,consultation
1129,5,visiting
1130,5,store
1131,5,enjoy
1132,5,location
1133,5,honesty
1134,5,tidy
1135,5,cozy
1136,5,secure
1137,5,big
1138,5,thank
1139,5,friendly
1140,5,kind
1141,5,staff
1142,5,super
1143,5,helpful
1144,5,patient
1145,5,place
1146,5,little
1147,5,buddies
1148,5,need
1149,5,cat
1150,5,harnesses
1151,5,legit
1152,5,great
1153,5,selection
1154,5,harnesses
1155,5,medium
1156,5,large
1157,5,dogs
1158,5,i'd
1159,5,definitely
1160,5,recommend
1161,5,stopping
1162,5,you're
1163,5,coming
1164,5,need
1165,5,stuff
1166,5,pets
1167,5,needed
1168,5,new
1169,5,dog
1170,5,toys
1171,5,found
1172,5,exactly
1173,5,needed
1174,5,squeak
1175,5,toy
1176,5,big
1177,5,hit
1178,5,hide
1179,5,triple
1180,5,rope
1181,5,pull
1182,5,2
1183,5,tennis
1184,5,balls
1185,5,gives
1186,5,11
1187,5,yr
1188,5,old
1189,5,real
1190,5,joy
1191,4,good
1192,4,selection
1193,4,crates
1194,4,smaller
1195,4,store
1196,4,bit
1197,4,offer
1198,4,animal
1199,4,bathing
1200,4,facilities
1201,4,use
1202,4,don't
1203,4,suitable
1204,4,facilities
1205,4,live
1206,2,went
1207,2,looking
1208,2,treatschews
1209,2,dog
1210,2,decent
1211,2,selection
1212,2,left
1213,2,pretty
1214,2,attitude
1215,2,dog
1216,2,groomer
1217,2,yelling
1218,2,dog
1219,2,grooming
1220,2,dog
1221,2,barking
1222,2,clearly
1223,2,upsetfearful
1224,2,yelling
1225,2,dog
1226,2,waving
1227,2,hands
1228,2,imagine
1229,2,grooming
1230,2,dogs
1231,2,uncooperative
1232,2,difficult
1233,2,basic
1234,2,knowledge
1235,2,know
1236,2,going
1237,2,able
1238,2,calm
1239,2,dog
1240,2,youre
1241,2,yelling
1242,2,circling
1243,2,waving
1244,2,hands
1245,2,couldve
1246,2,tried
1247,2,calm
1248,2,dog
1249,2,giving
1250,2,treat
1251,2,break
1252,2,stepping
1253,2,away
1254,2,instead
1255,2,shouting
1256,2,swatting
1257,2,hands
1258,2,seemingly
1259,2,trying
1260,2,intimidate
1261,2,dog
1262,2,stop
1263,2,barking
1264,2,dog
1265,2,nervous
1266,2,absolutely
1267,2,trust
1268,2,specific
1269,2,groomer
1270,2,dog
1271,2,based
1272,2,saw
1273,2,today
1274,2,important
1275,2,person
1276,2,groom
1277,2,dog
1278,2,probably
1279,2,important
1280,2,person
1281,2,calm
1282,2,knows
1283,2,behave
1284,2,dogs
1285,2,maybe
1286,2,witnessed
1287,2,day
1288,2,wouldve
1289,2,angry
1290,2,upset
1291,2,dog
1292,2,treated
1293,2,way
1294,2,positive
1295,2,dog
1296,2,saw
1297,2,today
1298,2,continue
1299,2,like
1300,2,groomed
1301,2,futurewill
1302,2,continue
1303,2,afraid
1304,2,yelled
1305,2,stranger
1306,2,going
1307,2,buy
1308,2,witnessing
1309,2,disinterested
1310,2,supporting
1311,2,business
1312,2,walked
1313,2,dog
1314,2,groomed
1315,2,id
1316,2,suggest
1317,2,appointment
1318,2,sure
1319,2,dog
1320,2,isnt
1321,2,treated
1322,2,similarly
1323,5,went
1324,5,immediately
1325,5,surprised
1326,5,huge
1327,5,selection
1328,5,quality
1329,5,kibble
1330,5,raw
1331,5,food
1332,5,recipes
1333,5,treats
1334,5,vitamins
1335,5,supplements
1336,5,products
1337,5,grabbed
1338,5,open
1339,5,farm
1340,5,dog
1341,5,food
1342,5,salmon
1343,5,rolls
1344,5,supplements
1345,5,treats
1346,5,huge
1347,5,variety
1348,5,selection
1349,5,healthy
1350,5,treats
1351,5,dogs
1352,5,cats
1353,5,english
1354,5,bulldogs
1355,5,food
1356,5,allergies
1357,5,able
1358,5,find
1359,5,lots
1360,5,things
1361,5,eat
1362,5,enjoy
1363,5,love
1364,5,snacks
1365,5,pet
1366,5,naturally
1367,5,definitely
1368,5,grab
1369,5,stuff
1370,5,spoiled
1371,5,babies
1372,5,staff
1373,5,lovely
1374,5,attentive
1375,5,unbelievable
1376,5,prices
1377,5,mom
1378,5,pop
1379,5,shop
1380,5,youre
1381,5,shopping
1382,5,def
1383,5,missing
1384,5,economy
1385,5,penny
1386,5,counts
1387,5,fantastic
1388,5,spot
1389,5,santa
1390,5,monica
1391,5,good
1392,5,pet
1393,5,offer
1394,5,hands-down
1395,5,best
1396,5,grooming
1397,5,town
1398,5,think
1399,5,global
1400,5,shop
1401,5,local
1402,1,human
1403,1,grade
1404,1,dog
1405,1,food
1406,1,gave
1407,1,dogs
1408,1,bloody
1409,1,stools
1410,1,open
1411,1,sores
1412,1,purchase
1413,1,told
1414,1,food
1415,1,nonrefundable
1416,1,know
1417,1,2
1418,1,days
1419,1,threw
1420,1,80
1421,5,great
1422,5,place
1423,5,puppy
1424,5,swag
1425,5,feels
1426,5,like
1427,5,i'm
1428,5,boutique
1429,5,unique
1430,5,stuff
1431,5,dog
1432,5,clothing
1433,5,actual
1434,5,packs
1435,5,dogs
1436,5,wear
1437,5,lol
1438,5,outdoor
1439,5,tents
1440,5,carrying
1441,5,cases
1442,5,leashes
1443,5,collars
1444,5,customized
1445,5,tags
1446,5,travel
1447,5,gear
1448,5,shoes
1449,5,rain
1450,5,boots
1451,5,fur
1452,5,baby
1453,5,yes
1454,5,it's
1455,5,cheap
1456,5,worth
1457,5,penny
1458,5,buying
1459,5,dukes
1460,5,food
1461,5,years
1462,5,human
1463,5,grade
1464,5,high
1465,5,quality
1466,5,dog
1467,5,food
1468,5,filler
1469,5,products
1470,5,high
1471,5,end
1472,5,pet
1473,5,store
1474,5,said
1475,5,share
1476,5,amazing
1477,5,people
1478,5,work
1479,5,customer
1480,5,service
1481,5,receive
1482,5,outstanding
1483,5,david
1484,5,today
1485,5,went
1486,5,way
1487,5,helped
1488,5,instal
1489,5,dog
1490,5,cabin
1491,5,cover
1492,5,toyota
1493,5,highlander
1494,5,hands
1495,5,duke
1496,5,appreciated
1497,5,kindness
1498,5,help
1499,5,thank
1500,5,david
1501,5,duke
1502,5,happy
1503,5,chilling
1504,5,like
1505,5,rock
1506,5,star
1507,4,help
1508,4,friend
1509,4,regular
1510,4,basis
1511,4,taking
1512,4,dog
1513,4,location
1514,4,general
1515,4,pretty
1516,4,good
1517,4,consistent
1518,4,style
1519,4,hair
1520,4,suggested
1521,4,photos
1522,4,owners
1523,4,dog
1524,4,there's
1525,4,dog
1526,4,thumbs
1527,4,thumbs
1528,4,latest
1529,4,cut
1530,4,et
1531,4,cetera
1532,4,help
1533,4,immensely
1534,4,help
1535,4,immensely
1536,4,got
1537,4,trouble
1538,4,taking
1539,4,ordinary
1540,4,long
1541,4,time
1542,4,pick
1543,4,dog
1544,4,called
1545,4,standing
1546,4,waiting
1547,4,hear
1548,4,plumbing
1549,4,problem
1550,4,building
1551,4,helpful
1552,4,communicate
1553,4,issue
1554,4,quickly
1555,4,said
1556,4,receive
1557,4,harsh
1558,4,harsh
1559,4,unbelieving
1560,4,treatment
1561,4,people
1562,4,dog
1563,4,dog
1564,4,general
1565,4,good
1566,4,communication
1567,4,spotty
1568,4,times
1569,4,unnecessarily
1570,4,dog
1571,4,brought
1572,4,regular
1573,4,basis
1574,4,photos
1575,4,best
1576,4,requested
1577,4,hairstyle
1578,4,file
1579,4,computerized
1580,4,order
1581,4,help
1582,4,groomers
1583,4,case
1584,4,regular
1585,4,groomer
1586,1,horrible
1587,1,experience
1588,1,dropped
1589,1,dog
1590,1,11am
1591,1,told
1592,1,finished
1593,1,said
1594,1,3
1595,1,hours
1596,1,groom
1597,1,called
1598,1,eventually
1599,1,got
1600,1,worried
1601,1,showed
1602,1,5pm
1603,1,ready
1604,1,super
1605,1,hyper
1606,1,come
1607,1,find
1608,1,let
1609,1,6
1610,1,hours
1611,1,completely
1612,1,unacceptable
1613,1,normally
1614,1,dont
1615,1,leave
1616,1,reviews
1617,1,worth
1618,1,sharing
1619,1,cried
1620,1,seeing
1621,1,puppy
1622,1,archie
1623,1,cavapoo
1624,1,super
1625,1,matted
1626,1,knew
1627,1,shave
1628,1,uneven
1629,1,face
1630,1,fine
1631,1,sure
1632,1,tail
1633,1,ears
1634,1,werent
1635,1,trimmed
1636,1,sadly
1637,1,think
1638,1,better
1639,1,job
1640,1,0
1641,1,instead
1642,1,90
1643,1,thing
1644,1,didnt
1645,1,like
1646,1,took
1647,1,archie
1648,1,extremely
1649,1,shy
1650,1,scared
1651,1,humans
1652,1,aggressive
1653,1,super
1654,1,sweet
1655,1,collar
1656,1,neck
1657,1,tried
1658,1,pulling
1659,1,store
1660,1,terrified
1661,1,resistance
1662,1,caused
1663,1,choke
1664,1,cough
1665,1,prevent
1666,1,choking
1667,1,pulled
1668,1,collar
1669,1,leg
1670,1,maybe
1671,1,normal
1672,1,unfortunately
1673,1,taking
1674,1,grooming
1675,1,services
1676,5,bought
1677,5,25oz
1678,5,bags
1679,5,stella
1680,5,chewy's
1681,5,freeze
1682,5,dried
1683,5,patties
1684,5,chicken
1685,5,duckgooseturkey
1686,5,pretty
1687,5,it's
1688,5,bird
1689,5,bone
1690,5,guts
1691,5,parts
1692,5,vegetables
1693,5,berries
1694,5,fermented
1695,5,stuff
1696,5,things
1697,5,ingredients
1698,5,know
1699,5,it's
1700,5,violently
1701,5,mangled
1702,5,chopped
1703,5,kind
1704,5,blender
1705,5,type
1706,5,device
1707,5,it's
1708,5,consistency
1709,5,it's
1710,5,poured
1711,5,patty
1712,5,looking
1713,5,mold
1714,5,cooked
1715,5,freeze
1716,5,dried
1717,5,it's
1718,5,usa
1719,5,it's
1720,5,good
1721,5,product
1722,5,oh
1723,5,yeah
1724,5,store
1725,5,cool
1726,5,store
1727,5,employees
1728,5,helpful
1729,5,know
1730,5,dog
1731,5,food
1732,1,super
1733,1,friendly
1734,1,staff
1735,1,management
1736,1,corporate
1737,1,group
1738,1,rudest
1739,1,selfish
1740,1,group
1741,1,people
1742,1,interacted
1743,1,friendly
1744,1,neighbors
1745,1,blood
1746,1,opportunity
1747,4,service
1748,4,generally
1749,4,good
1750,4,prices
1751,4,reasonable
1752,4,good
1753,4,place
1754,4,pets
1755,4,necessities
1756,5,coming
1757,5,good
1758,5,selection
1759,5,reasonable
1760,5,prices
1761,5,good
1762,5,customer
1763,5,service
1764,1,honestly
1765,1,love
1766,1,coming
1767,1,location
1768,1,having
1769,1,guys
1770,1,heckled
1771,1,scared
1772,1,find
1773,1,okay
1774,5,chillpaws
1775,5,goto
1776,5,calming
1777,5,aid
1778,5,belgian
1779,5,malinois
1780,5,public
1781,5,shes
1782,5,guard
1783,5,mode
1784,5,time
1785,5,thats
1786,5,cool
1787,5,want
1788,5,relaxed
1789,5,recommend
1790,5,chillpaws
1791,5,looking
1792,5,relax
1793,5,dogs
1794,5,animal
1795,5,hospital
1796,5,doctors
1797,5,staff
1798,5,wonderful
1799,5,seen
1800,5,years
1801,5,trust
1802,5,dearly
1803,5,furry
1804,5,babies
1805,5,helped
1806,5,older
1807,5,family
1808,5,dog
1809,5,poodle
1810,5,mix
1811,5,rescue
1812,5,rambunctious
1813,5,golden
1814,5,doodle
1815,5,pup
1816,5,recommend
1817,5,highly
1818,5,calling
1819,5,today
1820,5,schedule
1821,5,appointment
1822,5,rescue
1823,5,allergies
1824,5,snd
1825,5,stressed
1826,5,july
1827,5,4
1828,5,fireworks
1829,5,trust
1830,5,furry
1831,5,babies
1832,5,vca
1833,5,broadway
1834,5,4
1835,5,years
1836,5,cat
1837,5,service
1838,5,friendly
1839,5,efficient
1840,5,went
1841,5,yearly
1842,5,physical
1843,5,exam
1844,5,pet
1845,5,shots
1846,5,boosters
1847,5,analysis
1848,5,dr
1849,5,furhman
1850,5,thorough
1851,5,explains
1852,5,results
1853,5,tests
1854,5,staff
1855,5,nice
1856,5,courteous
1857,5,good
1858,5,things
1859,5,bringing
1860,5,rescue
1861,5,october
1862,5,year
1863,5,coming
1864,5,time
1865,5,time
1866,5,staff
1867,5,great
1868,5,getting
1869,5,excellent
1870,5,service
1871,5,visit
1872,5,seen
1873,5,dr
1874,5,parks
1875,5,wonderful
1876,5,caring
1877,5,thoughtful
1878,5,dog
1879,5,vca
1880,5,overall
1881,5,bit
1882,5,pricy
1883,5,needed
1884,5,appointment
1885,5,drop
1886,5,hat
1887,5,readily
1888,5,available
1889,5,able
1890,5,accommodate
1891,5,actually
1892,5,enjoys
1893,5,coming
1894,5,vet
1895,5,seeing
1896,5,friends
1897,5,office
1898,5,felt
1899,5,rushed
1900,5,coming
1901,5,doctors
1902,5,thorough
1903,5,exams
1904,5,detailed
1905,5,visits
1906,5,medications
1907,5,procedures
1908,5,overall
1909,5,health
1910,5,love
1911,5,place
1912,5,happy
1913,5,services
1914,5,provided
1915,5,pup
1916,5,practice
1917,5,clean
1918,5,well-organized
1919,5,understanding
1920,5,importantly
1921,5,caring
1922,5,care
1923,5,pet
1924,5,pet
1925,5,theyre
1926,5,family
1927,5,leave
1928,5,review
1929,5,sentence
1930,5,id
1931,5,veterinary
1932,5,office
1933,5,surpasses
1934,5,expectations
1935,5,consistently
1936,5,cared
1937,5,humans
1938,5,id
1939,5,patient
1940,5,wonderful
1941,5,things
1942,5,individual
1943,5,vca
1944,5,santa
1945,5,monica
1946,5,welcoming
1947,5,kind
1948,5,attentive
1949,5,caring
1950,5,veterinary
1951,5,practice
1952,5,ive
1953,5,visited
1954,5,individuals
1955,5,employee
1956,5,shares
1957,5,qualities
1958,5,dr
1959,5,johnson
1960,5,dr
1961,5,lee
1962,5,patti
1963,5,rest
1964,5,staff
1965,5,vca
1966,5,santa
1967,5,monica
1968,5,cared
1969,5,cat
1970,5,princess
1971,5,cuddle
1972,5,bear
1973,5,day
1974,5,significant
1975,5,adopted
1976,5,day
1977,5,said
1978,5,goodbye
1979,5,imagined
1980,5,spending
1981,5,moments
1982,5,surrounded
1983,5,surrounded
1984,5,individuals
1985,5,felt
1986,5,truly
1987,5,loved
1988,5,like
1989,5,family
1990,5,staff
1991,5,professional
1992,5,flexible
1993,5,appointments
1994,5,attentive
1995,5,rush
1996,5,door
1997,5,rush
1998,5,explanation
1999,5,cats
2000,5,handful
2001,5,medical
2002,5,issues
2003,5,felt
2004,5,concern
2005,5,pet
2006,5,important
2007,5,time-
2008,5,veterinary
2009,5,practices
2010,5,visited
2011,5,brought
2012,5,cat
2013,5,oral
2014,5,surgery
2015,5,teeth
2016,5,cleanings
2017,5,nail
2018,5,trimmings
2019,5,regular
2020,5,checkups
2021,5,emergency
2022,5,appointments
2023,5,leaving
2024,5,time
2025,5,calmer
2026,5,healthier
2027,5,kitty
2028,5,sense
2029,5,genuine
2030,5,care
2031,5,knew
2032,5,it'd
2033,5,okay
2034,5,you're
2035,5,bringing
2036,5,pet
2037,5,vca
2038,5,santa
2039,5,monica
2040,5,handle
2041,5,aptly
2042,5,vca
2043,5,santa
2044,5,monica
2045,5,best
2046,5,best
2047,5,dont
2048,5,know
2049,5,describe
2050,5,youre
2051,5,worried
2052,5,sick
2053,5,thats
2054,5,probably
2055,5,harmless
2056,5,youre
2057,5,worried
2058,5,pet
2059,5,vca
2060,5,covered
2061,5,accidentally
2062,5,double-dose
2063,5,medication
2064,5,youre
2065,5,trying
2066,5,explain
2067,5,phone
2068,5,sobs
2069,5,vca
2070,5,understands
2071,5,translates
2072,5,tears
2073,5,calms
2074,5,fears
2075,5,tells
2076,5,difficult
2077,5,explain
2078,5,employee
2079,5,vca
2080,5,santa
2081,5,monica
2082,5,genuinely
2083,5,cares
2084,5,pet
2085,5,hope
2086,5,review
2087,5,convincing
2088,5,find
2089,1,called
2090,1,set
2091,1,new
2092,1,patient
2093,1,appointment
2094,1,got
2095,1,hold
2096,1,long
2097,1,hung
2098,1,good
2099,1,impression
2100,1,doesnt
2101,1,confidence
2102,1,abilities
2103,5,wonderful
2104,5,friendly
2105,5,safe
2106,5,service
2107,5,treat
2108,5,luna
2109,5,like
2110,5,vip
2111,5,doggy
2112,5,spa
2113,5,she's
2114,5,groomed
2115,5,perfection
2116,5,specific
2117,5,instructions
2118,5,time
2119,5,love
2120,5,place
2121,3,friendly
2122,3,staff
2123,3,long
2124,3,hair
2125,3,cat
2126,3,grooming
2127,3,experience
2128,3,asked
2129,3,knew
2130,3,groom
2131,3,long
2132,3,hair
2133,3,cat
2134,3,owner
2135,3,nice
2136,3,mentioned
2137,3,picked
2138,3,pet
2139,3,shaved
2140,3,spots
2141,3,areas
2142,3,pink
2143,3,skin
2144,3,nice
2145,3,unfortunately
2146,3,grooming
2147,3,service
2148,3,looking
2149,3,pet
2150,3,pics
2151,3,-
2152,3,severals
2153,3,weeks
2154,3,grooming
2155,4,second
2156,4,time
2157,4,wonderful
2158,4,talented
2159,4,peoplegroomers
2160,4,feel
2161,4,confident
2162,4,drop
2163,4,roman
2164,4,accommodate
2165,4,pet
2166,4,single
2167,4,complaint
2168,4,little
2169,4,pricey
2170,4,like
2171,4,40
2172,4,regular
2173,4,bath
2174,4,regular
2175,4,groomer
2176,4,regular
2177,4,groomer
2178,4,haircuts
2179,4,paws
2180,4,effect
2181,4,pet
2182,4,spa
2183,4,excellent
2184,4,haircuts
2185,4,highly
2186,4,recommend
2187,4,groomer
2188,5,liked
2189,5,convenient
2190,5,online
2191,5,booking
2192,5,system
2193,5,easy
2194,5,transparent
2195,5,groomer
2196,5,great
2197,5,job
2198,5,grooming
2199,5,dog
2200,5,making
2201,5,smell
2202,5,clean
2203,5,fresh
2204,5,pup
2205,5,loved
2206,5,place
2207,5,wasnt
2208,5,afraid
2209,5,going
2210,5,staff
2211,5,treated
2212,5,glad
2213,5,found
2214,5,place
2215,5,cute
2216,5,pet
2217,5,shop
2218,5,unique
2219,5,toys
2220,5,treats
2221,5,grooming
2222,5,services
2223,5,online
2224,5,booking
2225,5,system
2226,5,makes
2227,5,easy
2228,5,appointment
2229,5,dog
2230,5,soft
2231,5,fluffy
2232,5,grooming
2233,5,appointment
2234,5,staff
2235,5,sweet
2236,5,love
2237,5,use
2238,5,natural
2239,5,high
2240,5,quality
2241,5,products
2242,5,definitely
2243,5,youre
2244,5,looking
2245,5,excellent
2246,5,cat
2247,5,groomer
2248,5,search
2249,5,stops
2250,5,searched
2251,5,high
2252,5,low
2253,5,good
2254,5,cat
2255,5,groomer
2256,5,couldnt
2257,5,find
2258,5,good
2259,5,horrible
2260,5,reviews
2261,5,way
2262,5,expensive
2263,5,recommended
2264,5,pet
2265,5,affaire
2266,5,fellow
2267,5,cat
2268,5,lady
2269,5,disappointed
2270,5,took
2271,5,good
2272,5,care
2273,5,boy
2274,5,eased
2275,5,anxiety
2276,5,cats
2277,5,time
2278,5,groomed
2279,5,think
2280,5,nervous
2281,5,cat
2282,5,excellent
2283,5,service
2284,5,price
2285,5,returning
2286,5,time
2287,5,cat
2288,5,groomed
2289,5,nice
2290,5,people
2291,5,think
2292,5,charge
2293,5,reasonable
2294,5,prices
2295,5,error
2296,5,dogs
2297,5,cut
2298,5,kind
2299,5,mentioned
2300,5,days
2301,5,later
2302,5,fixed
2303,5,fuss
2304,5,think
2305,5,says
2306,5,lot
2307,5,business
2308,5,handle
2309,5,issues
2310,5,definitely
2311,5,come
2312,5,support
2313,5,local
2314,5,brought
2315,5,cat
2316,5,nail
2317,5,trim
2318,5,ear
2319,5,cleaning
2320,5,great
2321,5,price
2322,5,better
2323,5,service
2324,5,rod
2325,5,super
2326,5,helpful
2327,5,took
2328,5,great
2329,5,care
2330,5,toffee
2331,5,10
2332,5,minutes
2333,5,definitely
2334,5,futuring
2335,5,grooming
2336,5,new
2337,5,favorite
2338,5,pet
2339,5,grooming
2340,5,salon
2341,5,reasonable
2342,5,prices
2343,5,exceeded
2344,5,expectations
2345,5,giving
2346,5,calvin
2347,5,cutest
2348,5,teddy
2349,5,bear
2350,5,cut
2351,5,i've
2352,5,seen
2353,5,support
2354,5,small
2355,5,local
2356,5,reliable
2357,5,businesses
2358,5,like
2359,5,pet
2360,5,thank
2361,5,owner
2362,5,rod
2363,5,taking
2364,5,great
2365,5,care
2366,5,shout
2367,5,entire
2368,5,team
2369,5,pet
2370,5,affair
2371,5,pawsome
2372,5,pet
2373,5,grooming
2374,5,service
2375,5,dog
2376,5,got
2377,5,best
2378,5,haircut
2379,5,team
2380,5,super
2381,5,accommodating
2382,5,shop
2383,5,called
2384,5,questions
2385,5,length
2386,5,listened
2387,5,said
2388,5,pooch
2389,5,looks
2390,5,fantastic
2391,5,place
2392,5,best
2393,5,small
2394,5,business
2395,5,lots
2396,5,care
2397,5,attention
2398,5,services
2399,5,reasonable
2400,5,rates
2401,5,appt
2402,5,early
2403,5,bookup
2404,5,quickly
2405,5,love
2406,5,place
2407,5,dog
2408,5,loves
2409,5,coming
2410,5,grooming
2411,5,chicken
2412,5,treats
2413,5,staff
2414,5,nice
2415,5,good
2416,5,deal
2417,5,monday-thursday
2418,5,10
2419,5,am-2
2420,5,pm
2421,5,10
2422,5,dollar
2423,5,self
2424,5,service
2425,5,dog
2426,5,wash
2427,5,soap
2428,5,included
2429,5,highly
2430,5,recommend
2431,5,place
2432,5,needs
2433,5,cheap
2434,5,amazing
2435,5,place
2436,5,wash
2437,5,dog
2438,5,extra
2439,5,points
2440,5,warning
2441,5,traffic
2442,5,cop
2443,5,came
2444,5,minutes
2445,5,meter
2446,5,ran
2447,5,i've
2448,5,bringing
2449,5,incredibly
2450,5,fluffy
2451,5,husky
2452,5,rose
2453,5,bark
2454,5,williams
2455,5,grooming
2456,5,years
2457,5,kennel
2458,5,treat
2459,5,love
2460,5,beautifully
2461,5,clean
2462,5,combed
2463,5,time
2464,5,pick
2465,5,charles
2466,5,wonderful
2467,5,groomers
2468,5,we've
2469,5,tried
2470,5,usual
2471,5,suspects
2472,5,santa
2473,5,monica
2474,5,bark
2475,5,williams
2476,5,best
2477,5,great
2478,5,place
2479,5,self
2480,5,wash
2481,5,coming
2482,5,years
2483,5,lots
2484,5,accessories
2485,5,lots
2486,5,dog
2487,5,cat
2488,5,products
2489,5,come
2490,5,monday
2491,5,thursday
2492,5,dog
2493,5,wash
2494,5,10
2495,5,grooming
2496,5,come
2497,5,grooming
2498,5,maybe
2499,5,couple
2500,5,months
2501,5,husky
2502,5,absolutely
2503,5,love
2504,5,wag
2505,5,recommended
2506,5,friend
2507,5,bad
2508,5,experience
2509,5,different
2510,5,grooming
2511,5,place
2512,5,great
2513,5,experience
2514,5,worth
2515,5,penny
2516,5,beats
2517,5,coming
2518,5,home
2519,5,work
2520,5,clean
2521,5,fluffy
2522,5,dog
2523,5,smells
2524,5,good
2525,5,alex
2526,5,great
2527,5,staff
2528,5,nice
2529,5,come
2530,5,furry
2531,5,baby
2532,5,sj
2533,5,happy
2534,5,looked
2535,5,gorgeous
2536,4,time
2537,4,dog
2538,4,owner
2539,4,originally
2540,4,gave
2541,4,bad
2542,4,review
2543,4,expectations
2544,4,way
2545,4,retracted
2546,4,wrong
2547,4,hard
2548,4,working
2549,4,groomer
2550,4,dog
2551,4,bad
2552,4,shape
2553,4,knots
2554,4,good
2555,4,job
2556,4,dog
2557,4,happier
2558,1,mom
2559,1,gave
2560,1,photo
2561,1,wanted
2562,1,standard
2563,1,poodle
2564,1,look
2565,1,like
2566,1,listen
2567,1,completely
2568,1,shaved
2569,1,looks
2570,1,bad
2571,1,centimeter
2572,1,hair
2573,1,tail
2574,1,completely
2575,1,shaved
2576,5,wonderful
2577,5,place
2578,5,friendly
2579,5,treat
